Saison,Journee,Domicile,Exterieur,Score domicile,Score Exterieur,Derby,ELO domicile avant match,ELO extérieur avant match,ELO domicile après match,ELO extérieur après match,dom,ext,jour,elo_dom,elo_ext,d_elo,ecart,home_win,derby,sord,forme_dom,forme_ext,d_forme,proba
24-25,1,Angers,Tarbes,73,59,0,1465.0,1485.0,1483.51,1471.78,angers,tarbes,1,1465.0,1485.0,-20.0,14,1,0,24,0.0,0.0,0.0,0.6223715126295498
24-25,1,Charleville-Mézières,Basket Landes,61,94,0,1520.0,1600.0,1506.46,1609.67,charleville,basket landes,1,1520.0,1600.0,-80.0,-33,0,0,24,0.0,0.0,0.0,0.548012896702143
24-25,1,Bourges,Chartres,73,58,0,1640.0,1360.0,1645.82,1355.84,bourges,chartres,1,1640.0,1360.0,280.0,15,1,0,24,0.0,0.0,0.0,0.8843753177264531
24-25,1,Charnay,Lattes Montpellier,73,76,0,1540.0,1575.0,1524.26,1586.25,charnay,montpellier,1,1540.0,1575.0,-35.0,-3,0,0,24,0.0,0.0,0.0,0.6041724511631817
24-25,1,Landerneau,Villeneuve d'Ascq,94,79,0,1400.0,1665.0,1428.75,1644.47,landerneau,villeneuve ascq,1,1400.0,1665.0,-265.0,15,1,0,24,0.0,0.0,0.0,0.31997644621352694
24-25,1,Lyon,Roche Vendée,89,68,0,1540.0,1430.0,1552.14,1421.33,lyon,roche vendee,1,1540.0,1430.0,110.0,21,1,0,24,0.0,0.0,0.0,0.7621951341626891
24-25,2,Roche Vendée,Angers,46,66,1,1421.3304291804718,1483.5062697362291,1404.87,1499.96,roche vendee,angers,2,1421.3304291804718,1483.5062697362291,-62.175840555757304,-20,0,1,24,-21.0,14.0,-35.0,0.23305868684522235
24-25,2,Basket Landes,Bourges,68,55,0,1609.6715794961715,1645.8218135785796,1628.99,1632.03,basket landes,bourges,2,1609.6715794961715,1645.8218135785796,-36.15023408240813,13,1,0,24,33.0,15.0,18.0,0.7211290033129842
24-25,2,Tarbes,Charleville-Mézières,73,55,0,1471.7812359026932,1506.45978870536,1491.02,1492.72,tarbes,charleville,2,1471.7812359026932,1506.45978870536,-34.6785528026669,18,1,0,24,-14.0,-33.0,19.0,0.7285371926330819
24-25,2,Chartres,Charnay,70,73,0,1355.841561729586,1524.2569773638738,1346.22,1531.13,chartres,charnay,2,1355.841561729586,1524.2569773638738,-168.4154156342879,-3,0,0,24,-15.0,-3.0,-12.0,0.35089645471266107
24-25,2,Lattes Montpellier,Landerneau,75,59,0,1586.2450161686616,1428.7469515107955,1596.31,1421.55,montpellier,landerneau,2,1586.2450161686616,1428.7469515107955,157.49806465786605,16,1,0,24,3.0,15.0,-12.0,0.7412330426881487
24-25,2,Villeneuve d'Ascq,Lyon,57,69,0,1644.4664632065746,1552.1373991473397,1622.42,1567.88,villeneuve ascq,lyon,2,1644.4664632065746,1552.1373991473397,92.32906405923495,-12,0,0,24,-15.0,21.0,-36.0,0.5020489881151182
24-25,3,Angers,Villeneuve d'Ascq,81,77,0,1499.9648651577004,1622.422403134968,1523.39,1605.69,angers,villeneuve ascq,3,1499.9648651577004,1622.422403134968,-122.45753797726752,4,1,0,24,17.0,-13.5,30.5,0.7065485135590849
24-25,3,Charnay,Basket Landes,72,70,0,1531.1315960334186,1628.985889799702,1553.43,1613.06,charnay,basket landes,3,1531.1315960334186,1628.985889799702,-97.85429376628326,2,1,0,24,0.0,23.0,-23.0,0.35896661428337645
24-25,3,Bourges,Tarbes,84,69,0,1632.0258776474864,1491.0221839961569,1642.79,1483.33,bourges,tarbes,3,1632.0258776474864,1491.0221839961569,141.0036936513295,15,1,0,24,1.0,2.0,-1.0,0.7847834070509018
24-25,3,Charleville-Mézières,Roche Vendée,83,73,0,1492.7162543528862,1404.8718337590008,1505.88,1395.47,charleville,roche vendee,3,1492.7162543528862,1404.8718337590008,87.84442059388539,10,1,0,24,-25.5,-20.5,-5.0,0.7116314189756756
24-25,3,Landerneau,Chartres,76,73,0,1421.5547119683515,1346.2170955922231,1435.32,1336.39,landerneau,chartres,3,1421.5547119683515,1346.2170955922231,75.33761637612838,3,1,0,24,-0.5,-9.0,8.5,0.7754135804672576
24-25,3,Lyon,Lattes Montpellier,66,85,1,1567.883156341344,1596.3141515280831,1549.52,1614.68,lyon,montpellier,3,1567.883156341344,1596.3141515280831,-28.43099518673921,-19,0,1,24,16.5,9.5,7.0,0.5561044537385181
24-25,4,Lattes Montpellier,Angers,67,68,0,1614.6811752311671,1523.389601956542,1592.69,1539.1,montpellier,angers,4,1614.6811752311671,1523.389601956542,91.29157327462508,-1,0,0,24,12.666666666666666,12.666666666666666,0.0,0.7444130235721872
24-25,4,Basket Landes,Landerneau,68,49,0,1613.0555272291135,1435.318404526182,1622.31,1428.71,basket landes,landerneau,4,1613.0555272291135,1435.318404526182,177.73712270293163,19,1,0,24,14.666666666666666,0.6666666666666666,14.0,0.8727983884250115
24-25,4,Roche Vendée,Bourges,50,88,0,1395.4666239956896,1642.7895004282846,1388.67,1647.64,roche vendee,bourges,4,1395.4666239956896,1642.7895004282846,-247.32287643259497,-38,0,0,24,-17.0,5.666666666666667,-22.666666666666668,0.20838061756487364
24-25,4,Villeneuve d'Ascq,Charleville-Mézières,76,94,1,1605.6904482786526,1505.8835480215218,1580.1,1531.48,villeneuve ascq,charleville,4,1605.6904482786526,1505.8835480215218,99.80690025713079,-18,0,1,24,-10.333333333333334,-13.666666666666666,3.333333333333332,0.6841453514484024
24-25,4,Tarbes,Charnay,53,74,0,1483.3338820098725,1553.4341036322423,1469.32,1563.45,tarbes,charnay,4,1483.3338820098725,1553.4341036322423,-70.10022162236987,-21,0,0,24,-3.6666666666666665,0.6666666666666666,-4.333333333333333,0.5287092896878058
24-25,4,Chartres,Lyon,74,79,0,1336.3858866223443,1549.5161326382602,1328.45,1555.18,chartres,lyon,4,1336.3858866223443,1549.5161326382602,-213.13024601591587,-5,0,0,24,-7.0,4.666666666666667,-11.666666666666668,0.3027986492478577
24-25,5,Angers,Chartres,92,82,1,1539.1005222138172,1328.450385249576,1548.27,1319.28,angers,chartres,5,1539.1005222138172,1328.450385249576,210.65013696424126,10,1,1,24,9.75,-6.5,16.25,0.848454476679857
24-25,5,Lyon,Basket Landes,89,85,0,1555.184347904523,1622.3101144455811,1576.02,1607.42,lyon,basket landes,5,1555.184347904523,1622.3101144455811,-67.12576654105806,4,1,0,24,4.75,15.75,-11.0,0.4831932426939158
24-25,5,Bourges,Villeneuve d'Ascq,88,70,0,1647.641536073826,1580.098093313844,1661.78,1570.0,bourges,villeneuve ascq,5,1647.641536073826,1580.098093313844,67.5434427599821,18,1,0,24,13.75,-12.25,26.0,0.8478095542956546
24-25,5,Charleville-Mézières,Lattes Montpellier,75,71,0,1531.4759029863303,1592.685886870982,1552.03,1578.01,charleville,montpellier,5,1531.4759029863303,1592.685886870982,-61.20998388465159,4,1,0,24,-5.75,9.25,-15.0,0.46121662873841013
24-25,5,Charnay,Roche Vendée,67,54,0,1563.4457206462305,1388.6737740919316,1572.82,1381.98,charnay,roche vendee,5,1563.4457206462305,1388.6737740919316,174.7719465542989,13,1,0,24,5.75,-22.25,28.0,0.9109566912381023
24-25,5,Landerneau,Tarbes,62,75,0,1428.707985085848,1469.317618190289,1413.24,1480.36,landerneau,tarbes,5,1428.707985085848,1469.317618190289,-40.60963310444117,-13,0,0,24,-4.25,-8.0,3.75,0.623689252376945
24-25,6,Basket Landes,Angers,81,65,0,1607.424678122771,1548.2701779653064,1621.97,1537.88,basket landes,angers,6,1607.424678122771,1548.2701779653064,59.154500157464554,16,1,0,24,11.8,9.8,2.0,0.7238897695171628
24-25,6,Lattes Montpellier,Bourges,75,86,0,1578.0061854561272,1661.7816580867468,1564.65,1671.32,montpellier,bourges,6,1578.0061854561272,1661.7816580867468,-83.77547263061956,-11,0,0,24,6.6,14.6,-8.0,0.4841071855511771
24-25,6,Chartres,Charleville-Mézières,80,72,0,1319.2807294980869,1552.0274849671275,1347.02,1532.22,chartres,charleville,6,1319.2807294980869,1552.0274849671275,-232.74675546904064,8,1,0,24,-7.2,-3.8,-3.4000000000000004,0.3341326091878237
24-25,6,Villeneuve d'Ascq,Charnay,64,67,0,1569.9980061617578,1572.816971190781,1552.64,1585.22,villeneuve ascq,charnay,6,1569.9980061617578,1572.816971190781,-2.818965029023275,-3,0,0,24,-13.4,7.2,-20.6,0.49436485271914943
24-25,6,Roche Vendée,Landerneau,77,62,0,1381.980023702967,1413.244189343592,1401.05,1399.62,roche vendee,landerneau,6,1381.980023702967,1413.244189343592,-31.26416564062515,15,1,0,24,-20.4,-6.0,-14.399999999999999,0.503884100750241
24-25,6,Tarbes,Lyon,73,61,0,1480.363186577615,1576.0239587564574,1502.56,1560.17,tarbes,lyon,6,1480.363186577615,1576.0239587564574,-95.66077217884254,12,1,0,24,-3.8,4.6,-8.399999999999999,0.46599056432322045
24-25,7,Angers,Charnay,64,73,0,1537.8781028583203,1585.215552996674,1522.75,1596.02,angers,charnay,7,1537.8781028583203,1585.215552996674,-47.33745013835369,-9,0,0,24,3.8,8.4,-4.6000000000000005,0.5556506276121284
24-25,7,Basket Landes,Chartres,69,58,0,1621.9735832725517,1347.0167148588416,1627.94,1342.76,basket landes,chartres,7,1621.9735832725517,1347.0167148588416,274.95686841371,11,1,0,24,8.4,-2.6,11.0,0.911693996599673
24-25,7,Charleville-Mézières,Bourges,91,86,0,1532.216066852303,1671.324679844743,1556.37,1654.07,charleville,bourges,7,1532.216066852303,1671.324679844743,-139.10861299244016,5,1,0,24,1.2,13.8,-12.600000000000001,0.38156137791018485
24-25,7,Lyon,Landerneau,67,83,0,1560.1666967144984,1399.622396797145,1535.11,1417.52,lyon,landerneau,7,1560.1666967144984,1399.622396797145,160.54429991735333,-16,0,0,24,-2.0,-12.0,10.0,0.8480652108618029
24-25,7,Tarbes,Lattes Montpellier,61,71,0,1502.5633534363578,1564.6459549949325,1488.16,1574.94,tarbes,montpellier,7,1502.5633534363578,1564.6459549949325,-62.08260155857465,-10,0,0,24,1.4,3.8,-2.4,0.5531090414924921
24-25,7,Roche Vendée,Villeneuve d'Ascq,71,82,0,1401.0505332679927,1552.6399916335076,1390.74,1560.01,roche vendee,villeneuve ascq,7,1401.0505332679927,1552.6399916335076,-151.58945836551493,-11,0,0,24,-13.2,-11.0,-2.1999999999999993,0.440585773961632
24-25,8,Landerneau,Angers,49,66,0,1417.519658200428,1522.7477999809912,1405.16,1531.57,landerneau,angers,8,1417.519658200428,1522.7477999809912,-105.22814178056319,-17,0,0,24,-5.6,-2.0,-3.5999999999999996,0.48924030238121313
24-25,8,Lattes Montpellier,Basket Landes,52,39,0,1574.935826652388,1627.9376628150064,1595.08,1613.55,montpellier,basket landes,8,1574.935826652388,1627.9376628150064,-53.001836162618474,13,1,0,24,2.6,8.0,-5.4,0.5426102665056997
24-25,8,Bourges,Lyon,82,71,0,1654.071181697373,1535.1105307499022,1665.8,1526.73,bourges,lyon,8,1654.071181697373,1535.1105307499022,118.96065094747087,11,1,0,24,15.4,-7.6,23.0,0.8689545339603
24-25,8,Charnay,Charleville-Mézières,70,73,0,1596.022912194766,1556.3709642586207,1576.53,1570.29,charnay,charleville,8,1596.022912194766,1556.3709642586207,39.651947936145234,-3,0,0,24,9.6,5.8,3.8,0.7145047584407264
24-25,8,Chartres,Roche Vendée,72,74,0,1342.7566580428029,1390.735696537151,1327.66,1401.52,chartres,roche vendee,8,1342.7566580428029,1390.735696537151,-47.97903849434806,-2,0,0,24,-4.2,-11.4,7.2,0.6386950533574883
24-25,8,Villeneuve d'Ascq,Tarbes,67,65,0,1560.0077321555375,1488.1575331159202,1573.94,1478.21,villeneuve ascq,tarbes,8,1560.0077321555375,1488.1575331159202,71.85019903961734,2,1,0,24,-6.4,-4.2,-2.2,0.7118551194636427
24-25,9,Lyon,Angers,84,65,0,1526.7307183746982,1531.573578587221,1544.47,1518.9,lyon,angers,9,1526.7307183746982,1531.573578587221,-4.842860212522737,19,1,0,24,-6.0,0.6,-6.6,0.594286818960884
24-25,9,Basket Landes,Villeneuve d'Ascq,81,70,0,1613.5454244581183,1573.9394298822117,1629.06,1562.86,basket landes,villeneuve ascq,9,1613.5454244581183,1573.9394298822117,39.60599457590661,11,1,0,24,5.8,-5.2,11.0,0.7559050097679935
24-25,9,Bourges,Charnay,85,57,0,1665.8029190226584,1576.534307713932,1678.9,1567.18,bourges,charnay,9,1665.8029190226584,1576.534307713932,89.26861130872635,28,1,0,24,14.6,8.6,6.0,0.7749322204578125
24-25,9,Charleville-Mézières,Landerneau,85,75,0,1570.2913960306453,1405.1635681517062,1580.05,1398.19,charleville,landerneau,9,1570.2913960306453,1405.1635681517062,165.12782787893912,10,1,0,24,4.4,-9.6,14.0,0.8654621034573122
24-25,9,Chartres,Lattes Montpellier,67,68,0,1327.658070837459,1595.0849603520312,1321.48,1599.5,chartres,montpellier,9,1327.658070837459,1595.0849603520312,-267.42688951457217,-1,0,0,24,-4.0,1.4,-5.4,0.3221662178310407
24-25,9,Roche Vendée,Tarbes,43,71,0,1401.520401683825,1478.2063204540102,1387.82,1487.99,roche vendee,tarbes,9,1401.520401683825,1478.2063204540102,-76.68591877018525,-28,0,0,24,-9.0,-1.6,-7.4,0.5025244262656684
24-25,10,Angers,Charleville-Mézières,74,84,0,1518.899353968492,1580.048478548143,1504.45,1590.37,angers,charleville,10,1518.899353968492,1580.048478548143,-61.149124579651016,-10,0,0,24,-3.4,2.8,-6.199999999999999,0.5344789469834279
24-25,10,Tarbes,Basket Landes,74,63,1,1487.9912701270391,1629.0591047503228,1515.69,1601.36,tarbes,basket landes,10,1487.9912701270391,1629.0591047503228,-141.06783462328372,11,1,1,24,8.2,4.2,3.999999999999999,0.3917961638724235
24-25,10,Landerneau,Bourges,74,80,0,1398.1942234963506,1678.9029433873006,1392.39,1683.05,landerneau,bourges,10,1398.1942234963506,1678.9029433873006,-280.7087198909501,-6,0,0,24,-7.8,12.6,-20.4,0.17705710888918294
24-25,10,Charnay,Lyon,80,57,1,1567.1771474534733,1544.4746328409187,1585.87,1525.78,charnay,lyon,10,1567.1771474534733,1544.4746328409187,22.702514612554523,23,1,1,24,-1.2,-3.2,2.0,0.4662234898774274
24-25,10,Villeneuve d'Ascq,Chartres,75,56,0,1562.8582296734942,1321.47645042095,1569.84,1316.49,villeneuve ascq,chartres,10,1562.8582296734942,1321.47645042095,241.38177925254422,19,1,0,24,-3.8,-3.2,-0.5999999999999996,0.8535550198024674
24-25,10,Lattes Montpellier,Roche Vendée,80,51,0,1599.5004035066804,1387.8214721415843,1607.49,1382.12,montpellier,roche vendee,10,1599.5004035066804,1387.8214721415843,211.6789313650961,29,1,0,24,1.8,-7.0,8.8,0.8898929702563301
24-25,11,Bourges,Angers,71,69,0,1683.0472576012216,1504.447963643696,1692.27,1497.86,bourges,angers,11,1683.0472576012216,1504.447963643696,178.59929395752556,2,1,0,24,10.2,-7.4,17.6,0.9146770298176712
24-25,11,Basket Landes,Roche Vendée,70,67,0,1601.3572430022932,1382.1165552191192,1609.08,1376.6,basket landes,roche vendee,11,1601.3572430022932,1382.1165552191192,219.24068778317405,3,1,0,24,2.8,-10.2,13.0,0.9112286493750072
24-25,11,Charleville-Mézières,Lyon,74,79,0,1590.3709002087116,1525.7796378273783,1569.65,1540.58,charleville,lyon,11,1590.3709002087116,1525.7796378273783,64.59126238133331,-5,0,0,24,4.0,-8.6,12.6,0.8346062201966997
24-25,11,Charnay,Landerneau,73,39,0,1585.8721424670136,1392.3921835968613,1594.52,1386.21,charnay,landerneau,11,1585.8721424670136,1392.3921835968613,193.47995887015236,34,1,0,24,0.8,-6.4,7.2,0.8732682219601104
24-25,11,Chartres,Tarbes,79,81,0,1316.4892814721245,1515.6931318750687,1308.05,1521.72,chartres,tarbes,11,1316.4892814721245,1515.6931318750687,-199.20385040294423,-2,0,0,24,-5.0,7.8,-12.8,0.3098220631015355
24-25,11,Lattes Montpellier,Villeneuve d'Ascq,65,44,0,1607.4872871981318,1569.8402662018498,1623.1,1558.69,montpellier,villeneuve ascq,11,1607.4872871981318,1569.8402662018498,37.64702099628198,21,1,0,24,8.4,3.6,4.800000000000001,0.7534348660896693
24-25,12,Tarbes,Angers,51,63,0,1521.7203971733693,1497.8616489012072,1503.02,1511.22,tarbes,angers,12,1521.7203971733693,1497.8616489012072,23.858748272162074,-12,0,0,24,5.8,-4.6,10.399999999999999,0.7907089460181947
24-25,12,Basket Landes,Charleville-Mézières,63,64,0,1609.078979824946,1569.654470080544,1589.6,1583.57,basket landes,charleville,12,1609.078979824946,1569.654470080544,39.42450974440203,-1,0,0,24,0.2,4.6,-4.3999999999999995,0.6626692607268831
24-25,12,Chartres,Bourges,77,81,0,1308.0511100545036,1692.268098240706,1304.6,1694.74,chartres,bourges,12,1308.0511100545036,1692.268098240706,-384.21698818620234,-4,0,0,24,-7.0,8.4,-15.4,0.1475209977535014
24-25,12,Lattes Montpellier,Charnay,83,86,0,1623.0984292651049,1594.5231113993325,1604.16,1608.05,montpellier,charnay,12,1623.0984292651049,1594.5231113993325,28.575317865772377,-3,0,0,24,14.8,7.0,7.800000000000001,0.7726198516223728
24-25,12,Villeneuve d'Ascq,Landerneau,81,65,0,1558.6894504397262,1386.2129200737766,1568.15,1379.45,villeneuve ascq,landerneau,12,1558.6894504397262,1386.2129200737766,172.47653036594966,16,1,0,24,0.0,-10.2,10.2,0.8790048000066031
24-25,12,Roche Vendée,Lyon,78,76,0,1376.6010289172243,1540.5770879189267,1401.8,1522.58,roche vendee,lyon,12,1376.6010289172243,1540.5770879189267,-163.97605900170242,2,1,0,24,-13.8,-5.2,-8.600000000000001,0.3921378846841493
24-25,13,Angers,Roche Vendée,82,70,1,1511.218689611016,1401.7972214981137,1525.12,1387.9,angers,roche vendee,13,1511.218689611016,1401.7972214981137,109.4214681129024,12,1,1,24,-0.4,-11.2,10.799999999999999,0.6642061239775355
24-25,13,Bourges,Basket Landes,93,53,0,1694.7356481588688,1589.6016841019846,1707.1,1580.77,bourges,basket landes,13,1694.7356481588688,1589.6016841019846,105.13396405688422,40,1,0,24,10.2,-2.2,12.399999999999999,0.8569133367272767
24-25,13,Charleville-Mézières,Tarbes,79,67,0,1583.5668241683734,1503.0205401796368,1597.08,1493.37,charleville,tarbes,13,1583.5668241683734,1503.0205401796368,80.5462839887366,12,1,0,24,3.8,5.4,-1.6000000000000005,0.7302138857635867
24-25,13,Charnay,Chartres,69,74,0,1608.0488792199935,1304.5965401690755,1578.24,1325.89,charnay,chartres,13,1608.0488792199935,1304.5965401690755,303.452339050918,-5,0,0,24,5.8,-5.6,11.399999999999999,0.9325501347110529
24-25,13,Landerneau,Lattes Montpellier,77,63,0,1379.4542054228389,1604.1623543161793,1406.92,1584.54,landerneau,montpellier,13,1379.4542054228389,1604.1623543161793,-224.70814889334042,14,1,0,24,-16.6,12.2,-28.8,0.1548584938223258
24-25,13,Lyon,Villeneuve d'Ascq,75,70,0,1522.579807504006,1568.1516509510388,1542.36,1554.02,lyon,villeneuve ascq,13,1522.579807504006,1568.1516509510388,-45.571843447032734,5,1,0,24,-2.4,1.0,-3.4,0.5852999297566128
24-25,14,Villeneuve d'Ascq,Angers,73,79,0,1554.0214105914126,1525.1201940563574,1535.07,1538.66,villeneuve ascq,angers,14,1554.0214105914126,1525.1201940563574,28.901216535055255,-6,0,0,24,-0.4,-1.4,0.9999999999999999,0.7093443211353471
24-25,14,Basket Landes,Charnay,78,69,0,1580.7728096815829,1578.2446200890297,1598.15,1565.84,basket landes,charnay,14,1580.7728096815829,1578.2446200890297,2.52818959255319,9,1,0,24,-7.6,5.4,-13.0,0.5224976590508709
24-25,14,Tarbes,Bourges,59,60,0,1493.367601894792,1707.0960723474311,1485.45,1712.75,tarbes,bourges,14,1493.367601894792,1707.0960723474311,-213.72847045263916,-1,0,0,24,3.4,16.0,-12.6,0.2981694440526876
24-25,14,Roche Vendée,Charleville-Mézières,71,76,0,1387.8957170527724,1597.0809377671562,1379.82,1602.85,roche vendee,charleville,14,1387.8957170527724,1597.0809377671562,-209.18522071438383,-5,0,0,24,-14.0,5.6,-19.6,0.23542319475919776
24-25,14,Chartres,Landerneau,66,72,0,1325.8852966911927,1406.9202132149012,1312.39,1416.56,chartres,landerneau,14,1325.8852966911927,1406.9202132149012,-81.03491652370849,-6,0,0,24,-4.2,-10.4,6.2,0.658251780196745
24-25,14,Lattes Montpellier,Lyon,85,70,1,1584.5437773218491,1542.3621440074826,1602.13,1524.78,montpellier,lyon,14,1584.5437773218491,1542.3621440074826,42.181633314366536,15,1,1,24,6.8,0.8,6.0,0.5367352434907938
24-25,15,Angers,Lattes Montpellier,66,76,0,1538.657607166313,1602.127467823366,1524.32,1612.37,angers,montpellier,15,1538.657607166313,1602.127467823366,-63.469860657053005,-10,0,0,24,3.6,9.6,-6.0,0.5343332311095534
24-25,15,Landerneau,Basket Landes,67,76,0,1416.556488873316,1598.1454694239155,1407.45,1604.65,landerneau,basket landes,15,1416.556488873316,1598.1454694239155,-181.58898055059944,-9,0,0,24,-7.2,-8.0,0.7999999999999998,0.4856384113247562
24-25,15,Bourges,Roche Vendée,94,73,0,1712.7492080355082,1379.820000001857,1717.24,1376.61,bourges,roche vendee,15,1712.7492080355082,1379.820000001857,332.9292080336513,21,1,0,24,10.6,-9.4,20.0,0.9600197963187095
24-25,15,Charleville-Mézières,Villeneuve d'Ascq,72,84,1,1602.849307089239,1535.0690322374746,1579.0,1558.92,charleville,villeneuve ascq,15,1602.849307089239,1535.0690322374746,67.78027485176426,-12,0,1,24,4.6,0.6,3.9999999999999996,0.5408438375204411
24-25,15,Charnay,Tarbes,67,65,0,1565.8355774159345,1485.4532119314845,1579.36,1475.79,charnay,tarbes,15,1565.8355774159345,1485.4532119314845,80.38236548445002,2,1,0,24,9.2,-2.4,11.6,0.8375698812388307
24-25,15,Lyon,Chartres,82,61,0,1524.7784535059657,1312.3945107694117,1532.74,1306.71,lyon,chartres,15,1524.7784535059657,1312.3945107694117,212.383942736554,21,1,0,24,-6.0,-5.2,-0.7999999999999998,0.8352774292219306
24-25,16,Chartres,Angers,72,71,1,1306.707443443132,1524.319429233038,1337.82,1493.21,chartres,angers,16,1306.707443443132,1524.319429233038,-217.61198578990593,1,1,1,24,-5.6,3.6,-9.2,0.1473068029865824
24-25,16,Basket Landes,Lyon,79,74,0,1604.6486366166582,1532.7403477627574,1618.58,1522.79,basket landes,lyon,16,1604.6486366166582,1532.7403477627574,71.90828885390079,5,1,0,24,-4.0,2.8,-6.8,0.6688383719346366
24-25,16,Villeneuve d'Ascq,Bourges,63,78,0,1558.922021688998,1717.2380622137655,1548.89,1724.41,villeneuve ascq,bourges,16,1558.922021688998,1717.2380622137655,-158.31604052476746,-15,0,0,24,-0.8,13.6,-14.4,0.3325678756590725
24-25,16,Lattes Montpellier,Charleville-Mézières,86,57,0,1612.3690234899912,1578.9963176377155,1628.19,1567.69,montpellier,charleville,16,1612.3690234899912,1578.9963176377155,33.37270585227566,29,1,0,24,5.8,0.2,5.6,0.7571354906917266
24-25,16,Roche Vendée,Charnay,83,77,0,1376.613675588816,1579.3575199574263,1403.31,1560.29,roche vendee,charnay,16,1376.613675588816,1579.3575199574263,-202.74384436861033,6,1,0,24,-7.8,5.0,-12.8,0.3064522403504232
24-25,16,Tarbes,Landerneau,61,70,0,1475.7946815447044,1407.452054803476,1454.9,1422.38,tarbes,landerneau,16,1475.7946815447044,1407.452054803476,68.34262674122851,-9,0,0,24,-5.0,-7.8,2.8,0.7606614800541462
24-25,17,Angers,Basket Landes,85,80,0,1493.2089243342973,1618.5775301599251,1516.76,1601.75,angers,basket landes,17,1493.2089243342973,1618.5775301599251,-125.36860582562781,5,1,0,24,3.8,-3.6,7.4,0.6262622944590862
24-25,17,Bourges,Lattes Montpellier,66,64,0,1724.4062029859651,1628.193222761933,1737.18,1619.07,bourges,montpellier,17,1724.4062029859651,1628.193222761933,96.21298022403221,2,1,0,24,16.2,7.4,8.799999999999999,0.8283625349357137
24-25,17,Charleville-Mézières,Chartres,83,72,0,1567.6933181577572,1337.8179483418726,1575.05,1332.56,charleville,chartres,17,1567.6933181577572,1337.8179483418726,229.8753698158846,11,1,0,24,-4.6,-5.0,0.40000000000000036,0.8532430170243711
24-25,17,Charnay,Villeneuve d'Ascq,66,59,0,1560.292066374607,1548.8866246079183,1577.22,1536.8,charnay,villeneuve ascq,17,1560.292066374607,1548.8866246079183,11.405441766688682,7,1,0,24,-3.0,0.4,-3.4,0.6454241696346993
24-25,17,Landerneau,Roche Vendée,67,68,0,1422.3796484609843,1403.305310604763,1403.92,1416.49,landerneau,roche vendee,17,1422.3796484609843,1403.305310604763,19.07433785622129,-1,0,0,24,0.8,-6.0,6.8,0.7561810536358491
24-25,17,Lyon,Tarbes,72,56,0,1522.7911380889952,1454.8960504241932,1536.91,1444.81,lyon,tarbes,17,1522.7911380889952,1454.8960504241932,67.89508766480208,16,1,0,24,0.8,-7.2,8.0,0.8035312382122837
24-25,18,Charnay,Angers,90,70,0,1577.217791393754,1516.7631120809706,1591.7,1506.42,charnay,angers,18,1577.217791393754,1516.7631120809706,60.454679312783355,20,1,0,24,-2.2,2.4,-4.6,0.6812103541095383
24-25,18,Chartres,Basket Landes,64,71,0,1332.561075059408,1601.7531103408728,1326.43,1606.13,chartres,basket landes,18,1332.561075059408,1601.7531103408728,-269.19203528146477,-7,0,0,24,-6.4,-4.4,-2.0,0.3109705296069907
24-25,18,Bourges,Charleville-Mézières,93,68,0,1737.1802393642747,1575.0529407532074,1747.06,1568.0,bourges,charleville,18,1737.1802393642747,1575.0529407532074,162.12729861106732,25,1,0,24,15.8,-2.6,18.400000000000002,0.9119502964161282
24-25,18,Landerneau,Lyon,65,79,0,1403.919856297839,1536.914204291064,1392.81,1544.85,landerneau,lyon,18,1403.919856297839,1536.914204291064,-132.9943479932249,-14,0,0,24,3.8,4.4,-0.6000000000000005,0.473224434639015
24-25,18,Lattes Montpellier,Tarbes,67,58,0,1619.0689110631404,1444.808145994144,1628.46,1438.1,montpellier,tarbes,18,1619.0689110631404,1444.808145994144,174.2607650689963,9,1,0,24,7.6,-8.0,15.6,0.9050796635205299
24-25,18,Villeneuve d'Ascq,Roche Vendée,76,60,0,1536.7968210228137,1416.490876435581,1548.47,1408.15,villeneuve ascq,roche vendee,18,1536.7968210228137,1416.490876435581,120.30594458723272,16,1,0,24,-4.2,-6.2,2.0,0.7940036573795854
24-25,19,Angers,Landerneau,86,70,0,1506.4164555678233,1392.8095730583652,1518.39,1384.26,angers,landerneau,19,1506.4164555678233,1392.8095730583652,113.60688250945805,16,1,0,24,-4.0,-1.8,-2.2,0.7279136955071818
24-25,19,Basket Landes,Lattes Montpellier,76,45,0,1606.131733506316,1628.4603677927298,1624.75,1615.16,basket landes,montpellier,19,1606.131733506316,1628.4603677927298,-22.328634286413717,31,1,0,24,5.0,12.2,-7.199999999999999,0.5403740151853218
24-25,19,Lyon,Bourges,69,78,0,1544.850120890688,1747.059332288665,1536.52,1753.01,lyon,bourges,19,1544.850120890688,1747.059332288665,-202.20921139797701,-9,0,0,24,6.2,12.8,-6.6000000000000005,0.3417645774876497
24-25,19,Charleville-Mézières,Charnay,68,65,0,1567.9964458072145,1591.7031105121605,1586.69,1578.35,charleville,charnay,19,1567.9964458072145,1591.7031105121605,-23.70666470494598,3,1,0,24,-10.0,2.8,-12.8,0.4863347125314435
24-25,19,Roche Vendée,Chartres,76,60,0,1408.1541511236271,1326.4310026277878,1421.61,1316.82,roche vendee,chartres,19,1408.1541511236271,1326.4310026277878,81.72314849583927,16,1,0,24,-7.0,-8.8,1.8000000000000007,0.7281533183669212
24-25,19,Tarbes,Villeneuve d'Ascq,57,51,0,1438.099962615866,1548.4682364595487,1460.98,1532.13,tarbes,villeneuve ascq,19,1438.099962615866,1548.4682364595487,-110.3682738436828,6,1,0,24,-7.4,0.0,-7.4,0.43617986642197115
24-25,20,Angers,Lyon,59,53,0,1518.3897670378806,1536.5222401701624,1536.8,1523.37,angers,lyon,20,1518.3897670378806,1536.5222401701624,-18.132473132281802,6,1,0,24,-2.0,7.4,-9.4,0.5247057636547021
24-25,20,Villeneuve d'Ascq,Basket Landes,51,55,0,1532.1258056401684,1624.754859742505,1519.18,1634.0,villeneuve ascq,basket landes,20,1532.1258056401684,1624.754859742505,-92.62905410233657,-4,0,0,24,0.0,9.4,-9.4,0.4380956198340592
24-25,20,Charnay,Bourges,100,89,0,1578.3515158898497,1753.007818517612,1603.98,1734.7,charnay,bourges,20,1578.3515158898497,1753.007818517612,-174.65630262776222,11,1,0,24,4.0,14.4,-10.4,0.3386386801869853
24-25,20,Landerneau,Charleville-Mézières,75,68,0,1384.25720772261,1586.6886782784495,1410.94,1567.63,landerneau,charleville,20,1384.25720772261,1586.6886782784495,-202.4314705558395,7,1,0,24,-6.2,-10.4,4.2,0.4375022617184703
24-25,20,Lattes Montpellier,Chartres,74,73,0,1615.1581347668805,1316.818177822166,1620.49,1313.01,montpellier,chartres,20,1615.1581347668805,1316.818177822166,298.33995694471446,1,1,0,24,3.0,-10.8,13.8,0.9203251117678561
24-25,20,Tarbes,Roche Vendée,92,80,0,1460.9793657629984,1421.612105851498,1476.5,1410.52,tarbes,roche vendee,20,1460.9793657629984,1421.612105851498,39.36725991150047,12,1,0,24,-6.0,-2.8,-3.2,0.6456445739500658
24-25,21,Charleville-Mézières,Angers,65,59,0,1567.6313666750286,1536.8022541554058,1583.58,1525.41,charleville,angers,21,1567.6313666750286,1536.8022541554058,30.829112519622868,6,1,0,24,-9.4,1.2,-10.6,0.5701513417605333
24-25,21,Basket Landes,Tarbes,90,64,1,1633.999039501461,1476.5049168993155,1645.51,1465.0,basket landes,tarbes,21,1633.999039501461,1476.5049168993155,157.49412260214558,26,1,1,24,8.4,-3.2,11.600000000000001,0.7510158496944804
24-25,21,Bourges,Landerneau,71,34,0,1734.7048323384129,1410.937443967399,1739.4,1407.58,bourges,landerneau,21,1734.7048323384129,1410.937443967399,323.7673883710138,37,1,0,24,8.0,-3.0,11.0,0.9213215164066437
24-25,21,Lyon,Charnay,66,71,1,1523.3704636576444,1603.9756965407282,1507.93,1619.42,lyon,charnay,21,1523.3704636576444,1603.9756965407282,-80.60523288308377,-5,0,1,24,2.0,5.8,-3.8,0.3577115755973987
24-25,21,Chartres,Villeneuve d'Ascq,54,87,0,1313.012963393911,1519.1839539776302,1304.83,1525.03,chartres,villeneuve ascq,21,1313.012963393911,1519.1839539776302,-206.17099058371923,-33,0,0,24,-6.8,-3.2,-3.5999999999999996,0.3632262193906753
24-25,21,Roche Vendée,Lattes Montpellier,59,80,0,1410.5224264684143,1620.4854349664377,1402.47,1626.23,roche vendee,montpellier,21,1410.5224264684143,1620.4854349664377,-209.96300849802333,-21,0,0,24,-1.0,1.2,-2.2,0.37131728375736317
24-25,22,Angers,Bourges,64,69,0,1525.40851873245,1739.4041418907052,1517.5,1745.05,angers,bourges,22,1525.40851873245,1739.4041418907052,-213.99562315825528,-5,0,0,24,0.2,12.4,-12.200000000000001,0.28484446328292873
24-25,22,Roche Vendée,Basket Landes,65,71,0,1402.474490554964,1645.5068087783768,1395.55,1650.46,roche vendee,basket landes,22,1402.474490554964,1645.5068087783768,-243.03231822341286,-6,0,0,24,-6.4,12.6,-19.0,0.21228148276338246
24-25,22,Lyon,Charleville-Mézières,86,78,0,1507.9289796112068,1583.5825962671663,1529.18,1568.4,lyon,charleville,22,1507.9289796112068,1583.5825962671663,-75.65361665595947,8,1,0,24,2.0,-2.4,4.4,0.5861516072995838
24-25,22,Landerneau,Charnay,57,84,0,1407.5807942871904,1619.4171805871658,1399.6,1625.12,landerneau,charnay,22,1407.5807942871904,1619.4171805871658,-211.8363862999754,-27,0,0,24,-12.2,8.0,-20.2,0.22959417051942854
24-25,22,Tarbes,Chartres,84,66,0,1464.9971476223998,1304.8289504027755,1474.96,1297.72,tarbes,chartres,22,1464.9971476223998,1304.8289504027755,160.1681972196243,18,1,0,24,-6.6,-13.6,7.0,0.8244204944029936
24-25,22,Villeneuve d'Ascq,Lattes Montpellier,59,73,0,1525.0296775427269,1626.2339606189023,1512.49,1635.19,villeneuve ascq,montpellier,22,1525.0296775427269,1626.2339606189023,-101.20428307617544,-14,0,0,24,6.4,-0.4,6.800000000000001,0.579039137274989
25-26,1,Roche Vendée,Angers,64,72,1,1395.5454070308388,1517.5035437693475,1382.29,1530.76,roche vendee,angers,1,1395.5454070308388,1517.5035437693475,-121.95813673850876,-8,0,1,25,0.0,0.0,0.0,0.34619393693386136
25-26,1,Basket Landes,Landerneau,59,43,0,1650.456154152752,1399.5994964418885,1657.14,1394.83,basket landes,landerneau,1,1650.456154152752,1399.5994964418885,250.8566577108636,16,1,0,25,0.0,0.0,0.0,0.846494705857003
25-26,1,Chartres,Bourges,58,62,0,1297.7151980001113,1745.0505525786357,1295.24,1746.82,chartres,bourges,1,1297.7151980001113,1745.0505525786357,-447.3353545785244,-4,0,0,25,0.0,0.0,0.0,0.17476271865685633
25-26,1,Charleville-Mézières,Lattes Montpellier,70,71,0,1568.402956564359,1635.192446984613,1554.23,1645.32,charleville,montpellier,1,1568.402956564359,1635.192446984613,-66.78949042025397,-1,0,0,25,0.0,0.0,0.0,0.5558637365040231
25-26,1,Lyon,Charnay,64,69,1,1529.1804751951372,1625.1181076195244,1514.57,1639.73,lyon,charnay,1,1529.1804751951372,1625.1181076195244,-95.93763242438717,-5,0,1,25,0.0,0.0,0.0,0.3741787554561155
25-26,1,Villeneuve d'Ascq,Toulouse,84,85,0,1512.487796630732,1500.0,1494.36,1512.95,villeneuve ascq,toulouse,1,1512.487796630732,1500.0,12.487796630731964,-1,0,0,25,0.0,0.0,0.0,0.644399114989323
25-26,2,Angers,Lyon,62,60,0,1530.7578811297683,1514.5668789988267,1547.44,1502.65,angers,lyon,2,1530.7578811297683,1514.5668789988267,16.19100213094157,2,1,0,25,8.0,-5.0,13.0,0.7501676080741537
25-26,2,Bourges,Basket Landes,53,58,0,1746.8195589581803,1657.1383341826977,1724.9,1672.8,bourges,basket landes,2,1746.8195589581803,1657.1383341826977,89.68122477548263,-5,0,0,25,4.0,16.0,-12.0,0.6235645854346646
25-26,2,Landerneau,Charleville-Mézières,85,81,0,1394.826510706213,1554.226243341962,1419.84,1536.36,landerneau,charleville,2,1394.826510706213,1554.226243341962,-159.39973263574893,4,1,0,25,-16.0,-1.0,-15.0,0.31632494116977605
25-26,2,Charnay,Chartres,89,74,0,1639.7317038158349,1295.238589068749,1643.97,1292.21,charnay,chartres,2,1639.7317038158349,1295.238589068749,344.4931147470859,15,1,0,25,5.0,-4.0,9.0,0.922882264709507
25-26,2,Lattes Montpellier,Villeneuve d'Ascq,75,70,0,1645.3186707148966,1494.359068915613,1655.66,1486.97,montpellier,villeneuve ascq,2,1645.3186707148966,1494.359068915613,150.95960179928352,5,1,0,25,1.0,-1.0,2.0,0.788518279096558
25-26,2,Toulouse,Roche Vendée,66,65,0,1512.9490912250849,1382.291069670418,1524.16,1374.28,toulouse,roche vendee,2,1512.9490912250849,1382.291069670418,130.6580215546669,1,1,0,25,1.0,-8.0,9.0,0.8151531301674652
25-26,3,Chartres,Angers,89,78,1,1292.213768344363,1547.4429455966704,1324.73,1514.93,chartres,angers,3,1292.213768344363,1547.4429455966704,-255.2291772523074,11,1,1,25,-9.5,5.0,-14.5,0.14160911734467083
25-26,3,Basket Landes,Charnay,68,46,0,1672.795076293692,1643.9664528299754,1688.85,1632.5,basket landes,charnay,3,1672.795076293692,1643.9664528299754,28.828623463716667,22,1,0,25,10.5,10.0,0.5,0.6658683301597642
25-26,3,Charleville-Mézières,Bourges,77,62,0,1536.362531438364,1724.9001200027883,1562.52,1706.21,charleville,bourges,3,1536.362531438364,1724.9001200027883,-188.53758856442437,15,1,0,25,-2.5,-0.5,-2.0,0.3967467531684331
25-26,3,Villeneuve d'Ascq,Landerneau,75,67,0,1486.972473566943,1419.8357073712505,1501.13,1409.72,villeneuve ascq,landerneau,3,1486.972473566943,1419.8357073712505,67.13676619569264,8,1,0,25,-3.0,-6.0,3.0,0.723560858251209
25-26,3,Roche Vendée,Lattes Montpellier,74,73,0,1374.282124913823,1655.659904203034,1403.5,1634.79,roche vendee,montpellier,3,1374.282124913823,1655.659904203034,-281.37777928921105,1,1,0,25,-4.5,3.0,-7.5,0.25753599841504976
25-26,3,Lyon,Toulouse,76,72,0,1502.6489758081825,1524.1616138843178,1521.23,1510.89,lyon,toulouse,3,1502.6489758081825,1524.1616138843178,-21.512638076135318,4,1,0,25,-3.5,1.0,-4.5,0.5663442932323097
25-26,4,Angers,Basket Landes,75,73,0,1514.925410305002,1688.8463292616077,1540.52,1670.56,angers,basket landes,4,1514.925410305002,1688.8463292616077,-173.92091895660565,2,1,0,25,-0.3333333333333333,14.333333333333334,-14.666666666666668,0.30449115454294245
25-26,4,Villeneuve d'Ascq,Bourges,69,50,0,1501.1323288531776,1706.2126834884027,1527.91,1687.09,villeneuve ascq,bourges,4,1501.1323288531776,1706.2126834884027,-205.08035463522515,19,1,0,25,0.6666666666666666,-5.333333333333333,6.0,0.4511208279486034
25-26,4,Charnay,Charleville-Mézières,78,77,0,1632.5012721386072,1562.524942558504,1646.52,1552.51,charnay,charleville,4,1632.5012721386072,1562.524942558504,69.97632958010308,1,1,0,25,-0.6666666666666666,3.3333333333333335,-4.0,0.6710281252430282
25-26,4,Toulouse,Chartres,83,88,0,1510.8886221139908,1324.7313036360313,1484.82,1343.35,toulouse,chartres,4,1510.8886221139908,1324.7313036360313,186.1573184779595,-5,0,0,25,-0.6666666666666666,-2.6666666666666665,2.0,0.8146243327436511
25-26,4,Landerneau,Roche Vendée,70,69,0,1409.7215250239403,1403.4987027272302,1426.91,1391.22,landerneau,roche vendee,4,1409.7215250239403,1403.4987027272302,6.222822296710092,1,1,0,25,-6.666666666666667,-2.6666666666666665,-4.0,0.6023331958619865
25-26,4,Lattes Montpellier,Lyon,73,64,1,1634.7909200506003,1521.2311642866405,1648.48,1507.54,montpellier,lyon,4,1634.7909200506003,1521.2311642866405,113.55975576395986,9,1,1,25,1.6666666666666667,-1.0,2.666666666666667,0.6373268245519674
25-26,5,Charleville-Mézières,Angers,78,47,0,1552.509044508102,1540.52050474447,1569.41,1528.45,charleville,angers,5,1552.509044508102,1540.52050474447,11.988539763632161,31,1,0,25,2.25,0.25,2.0,0.6676151551537118
25-26,5,Basket Landes,Toulouse,77,57,1,1670.564118947702,1484.8170335905177,1680.79,1474.6,basket landes,toulouse,5,1670.564118947702,1484.8170335905177,185.74708535718423,20,1,1,25,10.25,-1.75,12.0,0.8057609261863901
25-26,5,Bourges,Roche Vendée,77,59,0,1687.0865730058251,1391.222562819098,1692.48,1387.37,bourges,roche vendee,5,1687.0865730058251,1391.222562819098,295.8640101867272,18,1,0,25,-8.75,-2.25,-6.5,0.8444852259410449
25-26,5,Villeneuve d'Ascq,Charnay,85,70,0,1527.9088835287862,1646.52352940917,1551.16,1629.91,villeneuve ascq,charnay,5,1527.9088835287862,1646.52352940917,-118.6146458803837,15,1,0,25,5.25,-0.25,5.5,0.5566034064855604
25-26,5,Chartres,Lattes Montpellier,76,73,0,1343.3538668670835,1648.4771469575876,1373.2,1627.16,chartres,montpellier,5,1343.3538668670835,1648.4771469575876,-305.12328009050407,3,1,0,25,-0.75,3.5,-4.25,0.29084851146706825
25-26,5,Lyon,Landerneau,86,79,0,1507.544937379653,1426.9081208953255,1521.05,1417.26,lyon,landerneau,5,1507.544937379653,1426.9081208953255,80.63681648432748,7,1,0,25,-3.0,-4.75,1.75,0.729621935710166
25-26,6,Angers,Villeneuve d'Ascq,69,79,0,1528.4516560311342,1551.161606639099,1512.09,1562.85,angers,villeneuve ascq,6,1528.4516560311342,1551.161606639099,-22.709950607964856,-10,0,0,25,-6.0,7.2,-13.2,0.4837487596745379
25-26,6,Lattes Montpellier,Basket Landes,75,76,0,1627.158095003613,1680.7859776422656,1612.34,1691.37,montpellier,basket landes,6,1627.158095003613,1680.7859776422656,-53.627882638652636,-1,0,0,25,2.2,12.2,-10.0,0.47768446534886044
25-26,6,Bourges,Lyon,71,63,0,1692.4785642159334,1521.05472775978,1701.98,1514.27,bourges,lyon,6,1692.4785642159334,1521.05472775978,171.42383645615337,8,1,0,25,-3.4,-1.0,-2.4,0.7802887401801849
25-26,6,Toulouse,Charleville-Mézières,49,73,0,1474.595174895954,1569.405432706772,1461.76,1578.58,toulouse,charleville,6,1474.595174895954,1569.405432706772,-94.81025781081803,-24,0,0,25,-5.4,8.0,-13.4,0.3991179163615673
25-26,6,Charnay,Roche Vendée,79,71,0,1629.9144414732325,1387.3711405261631,1636.86,1382.41,charnay,roche vendee,6,1629.9144414732325,1387.3711405261631,242.54330094706938,8,1,0,25,-3.2,-5.4,2.2,0.8482160235258444
25-26,6,Landerneau,Chartres,67,60,0,1417.2582706238063,1373.200539602648,1432.55,1362.28,landerneau,chartres,6,1417.2582706238063,1373.200539602648,44.05773102115836,7,1,0,25,-5.2,0.0,-5.2,0.6503263916741363
25-26,7,Angers,Toulouse,78,60,0,1512.0939083431251,1461.7555663487828,1527.08,1451.05,angers,toulouse,7,1512.0939083431251,1461.7555663487828,50.33834199434227,18,1,0,25,-9.6,-10.4,0.8000000000000007,0.6963992901552601
25-26,7,Chartres,Basket Landes,58,77,0,1362.277201843774,1691.3717376256943,1357.7,1694.64,chartres,basket landes,7,1362.277201843774,1691.3717376256943,-329.0945357819203,-19,0,0,25,-0.6,9.2,-9.799999999999999,0.2376874398767579
25-26,7,Bourges,Landerneau,82,68,0,1701.9826603697177,1432.5509434862302,1708.11,1428.18,bourges,landerneau,7,1701.9826603697177,1432.5509434862302,269.4317168834875,14,1,0,25,-2.6,-0.6,-2.0,0.8470810858493129
25-26,7,Lyon,Charleville-Mézières,70,84,0,1514.266087649934,1578.576581669037,1499.97,1588.79,lyon,charleville,7,1514.266087649934,1578.576581669037,-64.31049401910309,-14,0,0,25,-1.6,13.0,-14.6,0.46435738467083004
25-26,7,Charnay,Lattes Montpellier,50,68,0,1636.859182170491,1612.3380310268128,1618.13,1625.72,charnay,montpellier,7,1636.859182170491,1612.3380310268128,24.521151143678253,-18,0,0,25,-2.6,1.8,-4.4,0.6361170524324651
25-26,7,Roche Vendée,Villeneuve d'Ascq,70,73,0,1382.4106114566928,1562.845712130534,1373.26,1569.38,roche vendee,villeneuve ascq,7,1382.4106114566928,1562.845712130534,-180.43510067384113,-3,0,0,25,-5.4,9.4,-14.8,0.34046702944926444
25-26,8,Landerneau,Angers,75,67,0,1428.1773012565038,1527.0760077295529,1450.53,1511.11,landerneau,angers,8,1428.1773012565038,1527.0760077295529,-98.89870647304906,8,1,0,25,-4.2,-6.4,2.2,0.5533608619094356
25-26,8,Basket Landes,Roche Vendée,72,47,0,1694.6402695211966,1373.2613629927073,1699.4,1369.86,basket landes,roche vendee,8,1694.6402695211966,1373.2613629927073,321.3789065284893,25,1,0,25,12.0,-5.8,17.8,0.9270181031162966
25-26,8,Lattes Montpellier,Bourges,72,59,0,1625.7187884350146,1708.1057594913343,1647.29,1692.7,montpellier,bourges,8,1625.7187884350146,1708.1057594913343,-82.38697105631968,13,1,0,25,4.4,1.2,3.2,0.5787016067540298
25-26,8,Charleville-Mézières,Chartres,83,67,0,1588.7888932421529,1357.7012571900707,1596.11,1352.47,charleville,chartres,8,1588.7888932421529,1357.7012571900707,231.0876360520822,16,1,0,25,16.6,-1.4,18.0,0.8956192949744155
25-26,8,Toulouse,Charnay,57,90,0,1451.0540667870491,1618.1261217990086,1441.38,1625.04,toulouse,charnay,8,1451.0540667870491,1618.1261217990086,-167.0720550119595,-33,0,0,25,-14.2,-9.2,-5.0,0.42434841217936
25-26,8,Villeneuve d'Ascq,Lyon,65,92,0,1569.3808896048092,1499.9688514475722,1548.43,1514.93,villeneuve ascq,lyon,8,1569.3808896048092,1499.9688514475722,69.41203815723702,-27,0,0,25,11.0,-4.0,15.0,0.7933366366653503
25-26,9,Angers,Charnay,84,91,0,1511.1109280149378,1625.039350330581,1499.15,1633.58,angers,charnay,9,1511.1109280149378,1625.039350330581,-113.92842231564327,-7,0,0,25,-5.8,1.8,-7.6,0.4627293162550503
25-26,9,Basket Landes,Charleville-Mézières,75,67,0,1699.3957974993973,1596.108039030883,1711.84,1587.22,basket landes,charleville,9,1699.3957974993973,1596.108039030883,103.28775846851431,8,1,0,25,12.6,16.8,-4.200000000000001,0.7134359329497753
25-26,9,Bourges,Toulouse,86,63,0,1692.695985491704,1441.3755468428478,1699.36,1436.61,bourges,toulouse,9,1692.695985491704,1441.3755468428478,251.32043864885622,23,1,0,25,1.6,-20.0,21.6,0.9127712927045729
25-26,9,Chartres,Villeneuve d'Ascq,60,78,0,1352.473295912406,1548.430455988997,1343.91,1554.54,chartres,villeneuve ascq,9,1352.473295912406,1548.430455988997,-195.95716007659098,-18,0,0,25,-6.8,4.0,-10.8,0.35243676681541053
25-26,9,Landerneau,Lattes Montpellier,72,68,0,1450.528412856965,1647.292472034497,1477.0,1628.38,landerneau,montpellier,9,1450.528412856965,1647.292472034497,-196.7640591775321,4,1,0,25,-1.0,7.2,-8.2,0.3698111012452601
25-26,9,Roche Vendée,Lyon,70,66,0,1369.8645572939924,1514.933446887438,1394.27,1497.5,roche vendee,lyon,9,1369.8645572939924,1514.933446887438,-145.06888959344565,4,1,0,25,-11.0,0.6,-11.6,0.3993678039674036
25-26,10,Lattes Montpellier,Angers,79,76,0,1628.3842126550303,1499.15219263779,1639.66,1491.1,montpellier,angers,10,1628.3842126550303,1499.15219263779,129.2320200172403,3,1,0,25,4.6,-7.6,12.2,0.821146198604989
25-26,10,Villeneuve d'Ascq,Basket Landes,77,72,0,1554.5436227764023,1711.8413244343317,1579.47,1694.04,villeneuve ascq,basket landes,10,1554.5436227764023,1711.8413244343317,-157.29770165792934,5,1,0,25,3.8,14.6,-10.8,0.3922694903273007
25-26,10,Charnay,Bourges,66,73,0,1633.581304171401,1699.3637437019415,1619.36,1709.52,charnay,bourges,10,1633.581304171401,1699.3637437019415,-65.78243953054061,-7,0,0,25,3.0,10.0,-7.0,0.5203036902042686
25-26,10,Charleville-Mézières,Roche Vendée,72,67,0,1587.2183769345013,1394.2745641760216,1595.89,1388.08,charleville,roche vendee,10,1587.2183769345013,1394.2745641760216,192.94381275847968,5,1,0,25,15.4,-10.0,25.4,0.9007585522743735
25-26,10,Lyon,Chartres,78,64,0,1497.4977276859886,1343.9148624100385,1507.73,1336.61,lyon,chartres,10,1497.4977276859886,1343.9148624100385,153.5828652759501,14,1,0,25,1.6,-11.4,13.0,0.8396783462771669
25-26,10,Toulouse,Landerneau,64,78,0,1436.612862406964,1476.9999759882178,1421.14,1488.05,toulouse,landerneau,10,1436.612862406964,1476.9999759882178,-40.38711358125374,-14,0,0,25,-23.6,-0.4,-23.200000000000003,0.4260052993684486
25-26,11,Bourges,Angers,79,64,0,1709.5249115249862,1491.098500277001,1717.27,1485.56,bourges,angers,11,1709.5249115249862,1491.098500277001,218.42641124798524,15,1,0,25,7.8,-2.0,9.8,0.8635202756414336
25-26,11,Basket Landes,Lyon,64,61,0,1694.039474323724,1507.7292816096478,1702.96,1501.36,basket landes,lyon,11,1694.039474323724,1507.7292816096478,186.31019271407627,3,1,0,25,9.6,3.0,6.6,0.8328645314341372
25-26,11,Charleville-Mézières,Villeneuve d'Ascq,83,75,1,1595.889461739896,1579.4662129312533,1614.94,1560.41,charleville,villeneuve ascq,11,1595.889461739896,1579.4662129312533,16.42324880864271,8,1,1,25,10.2,1.8,8.399999999999999,0.637940650941683
25-26,11,Landerneau,Charnay,82,66,0,1488.0534423611086,1619.3556692191385,1511.87,1602.34,landerneau,charnay,11,1488.0534423611086,1619.3556692191385,-131.30222685802983,16,1,0,25,3.8,4.6,-0.7999999999999998,0.49507125055189016
25-26,11,Chartres,Roche Vendée,67,72,0,1336.6066096074246,1388.0809321721683,1321.68,1398.74,chartres,roche vendee,11,1336.6066096074246,1388.0809321721683,-51.474322564743716,-5,0,0,25,-14.8,-7.4,-7.4,0.5330145859699982
25-26,11,Lattes Montpellier,Toulouse,75,66,0,1639.659381960135,1421.138009484917,1647.41,1415.6,montpellier,toulouse,11,1639.659381960135,1421.138009484917,218.5213724752182,9,1,0,25,5.8,-22.4,28.2,0.9170917784948661
25-26,12,Angers,Roche Vendée,69,76,1,1485.562798138418,1398.7424265825216,1460.67,1423.64,angers,roche vendee,12,1485.562798138418,1398.7424265825216,86.82037155589637,-7,0,1,25,-3.0,-4.8,1.7999999999999998,0.6630231289934674
25-26,12,Landerneau,Basket Landes,56,66,0,1511.8691603040488,1702.962034262286,1503.13,1709.21,landerneau,basket landes,12,1511.8691603040488,1702.962034262286,-191.09287395823708,-10,0,0,25,5.6,10.0,-4.4,0.40306189783871504
25-26,12,Bourges,Chartres,82,52,0,1717.2748945190024,1321.6805174329302,1720.53,1319.35,bourges,chartres,12,1717.2748945190024,1321.6805174329302,395.5943770860722,30,1,0,25,9.2,-14.4,23.6,0.9545728262256711
25-26,12,Lattes Montpellier,Charleville-Mézières,67,59,0,1647.4060670702763,1614.9447670605434,1663.28,1603.61,montpellier,charleville,12,1647.4060670702763,1614.9447670605434,32.461300009732895,8,1,0,25,7.8,7.0,0.7999999999999998,0.679470080521694
25-26,12,Charnay,Lyon,77,73,1,1602.3444421170382,1501.356024510675,1616.69,1487.01,charnay,lyon,12,1602.3444421170382,1501.356024510675,100.9884176063631,4,1,1,25,-0.2,4.0,-4.2,0.6358224860446711
25-26,12,Toulouse,Villeneuve d'Ascq,70,65,0,1415.604662977673,1560.4109076106058,1440.0,1542.98,toulouse,villeneuve ascq,12,1415.604662977673,1560.4109076106058,-144.80624463293293,5,1,0,25,-19.4,-1.8,-17.599999999999998,0.3299585421684874
25-26,13,Lyon,Angers,72,67,0,1487.0110155622722,1460.666509587029,1503.19,1449.11,lyon,angers,13,1487.0110155622722,1460.666509587029,26.344505975243237,5,1,0,25,6.0,-8.0,14.0,0.7761633558975862
25-26,13,Basket Landes,Bourges,60,69,0,1709.20544258755,1720.530835440038,1692.28,1732.62,basket landes,bourges,13,1709.20544258755,1720.530835440038,-11.325392852487994,-9,0,0,25,8.2,12.4,-4.200000000000001,0.6002400692857086
25-26,13,Charleville-Mézières,Landerneau,72,56,0,1603.609269718636,1503.1283886486792,1616.18,1494.15,charleville,landerneau,13,1603.609269718636,1503.1283886486792,100.4808810699567,16,1,0,25,2.6,6.4,-3.8000000000000003,0.7262087014645807
25-26,13,Chartres,Charnay,92,101,0,1319.3548453464762,1616.689451065441,1314.0,1620.51,chartres,charnay,13,1319.3548453464762,1616.689451065441,-297.3346057189649,-9,0,0,25,-16.6,4.2,-20.8,0.20440419257992123
25-26,13,Villeneuve d'Ascq,Lattes Montpellier,91,81,0,1542.9831669200082,1663.2757633489466,1566.31,1646.61,villeneuve ascq,montpellier,13,1542.9831669200082,1663.2757633489466,-120.2925964289384,10,1,0,25,-3.4,5.8,-9.2,0.4275558119467089
25-26,13,Roche Vendée,Toulouse,83,74,0,1423.6387151339106,1440.0034999445097,1441.96,1426.92,roche vendee,toulouse,13,1423.6387151339106,1440.0034999445097,-16.364784810599076,9,1,0,25,-2.8,-14.8,12.0,0.7240221380156713
25-26,14,Angers,Chartres,61,70,1,1449.1125170450946,1314.0013546646387,1421.7,1341.41,angers,chartres,14,1449.1125170450946,1314.0013546646387,135.11116238045588,-9,0,1,25,-7.4,-15.2,7.799999999999999,0.744953720915142
25-26,14,Charnay,Basket Landes,76,84,0,1620.5133729810393,1692.2756898922785,1606.58,1702.23,charnay,basket landes,14,1620.5133729810393,1692.2756898922785,-71.76231691123917,-8,0,0,25,-0.6,1.4,-2.0,0.5514584018939115
25-26,14,Bourges,Charleville-Mézières,80,66,0,1732.6235159366604,1616.1846825996697,1744.47,1607.72,bourges,charleville,14,1732.6235159366604,1616.1846825996697,116.43883333699068,14,1,0,25,16.8,2.6,14.200000000000001,0.8441929497993408
25-26,14,Landerneau,Villeneuve d'Ascq,72,66,0,1494.1459508765124,1566.3111537237892,1515.23,1551.25,landerneau,villeneuve ascq,14,1494.1459508765124,1566.3111537237892,-72.16520284727676,6,1,0,25,1.6,4.0,-2.4,0.545687411463098
25-26,14,Lattes Montpellier,Roche Vendée,70,68,0,1646.6129156319605,1441.9623847491898,1654.85,1436.08,montpellier,roche vendee,14,1646.6129156319605,1441.9623847491898,204.65053088277068,2,1,0,25,1.2,4.0,-2.8,0.8203467514915274
25-26,14,Toulouse,Lyon,76,75,0,1426.9151645050244,1503.1866051209804,1448.2,1487.99,toulouse,lyon,14,1426.9151645050244,1503.1866051209804,-76.27144061595595,1,1,0,25,-10.0,1.6,-11.6,0.4595694871852477
25-26,15,Basket Landes,Angers,66,55,0,1702.2299330672354,1421.7046109090309,1708.04,1417.56,basket landes,angers,15,1702.2299330672354,1421.7046109090309,280.5253221582045,11,1,0,25,1.4,-7.8,9.2,0.9099433839954104
25-26,15,Bourges,Villeneuve d'Ascq,65,62,0,1744.4687439556778,1551.2515064162076,1753.13,1545.07,bourges,villeneuve ascq,15,1744.4687439556778,1551.2515064162076,193.21723753947026,3,1,0,25,15.0,-0.8,15.8,0.8928954006421014
25-26,15,Charleville-Mézières,Charnay,84,48,0,1607.723805443229,1606.5774325360996,1625.17,1594.12,charleville,charnay,15,1607.723805443229,1606.5774325360996,1.1463729071292619,36,1,0,25,1.4,-3.6,5.0,0.6904771281107548
25-26,15,Chartres,Toulouse,63,91,0,1341.4092608007024,1448.1963378665448,1329.12,1456.97,chartres,toulouse,15,1341.4092608007024,1448.1963378665448,-106.78707706584237,-28,0,0,25,-9.8,-5.2,-4.6000000000000005,0.4932904825560418
25-26,15,Roche Vendée,Landerneau,85,67,0,1436.0773691253,1515.2294571071268,1457.5,1499.93,roche vendee,landerneau,15,1436.0773691253,1515.2294571071268,-79.15208798182675,18,1,0,25,2.8,2.0,0.7999999999999998,0.5652141154561796
25-26,15,Lyon,Lattes Montpellier,70,80,1,1487.9857670056087,1654.851937505406,1476.92,1665.92,lyon,montpellier,15,1487.9857670056087,1654.851937505406,-166.86617049979736,-10,0,1,25,2.2,2.4,-0.19999999999999973,0.37680618781743536
25-26,16,Angers,Charleville-Mézières,46,74,0,1417.5566454580603,1625.1660639397426,1409.42,1630.97,angers,charleville,16,1417.5566454580603,1625.1660639397426,-207.60941848168227,-28,0,0,25,-9.4,7.6,-17.0,0.29988455046207807
25-26,16,Toulouse,Basket Landes,54,88,1,1456.9709430026855,1708.0370846985943,1449.34,1715.67,toulouse,basket landes,16,1456.9709430026855,1708.0370846985943,-251.06614169590875,-34,0,1,25,3.2,4.6,-1.3999999999999995,0.2867919690322211
25-26,16,Roche Vendée,Bourges,74,83,0,1457.4966136661117,1753.1295661129548,1452.1,1756.99,roche vendee,bourges,16,1457.4966136661117,1753.1295661129548,-295.6329524468431,-9,0,0,25,7.4,14.2,-6.799999999999999,0.28358310821128074
25-26,16,Charnay,Villeneuve d'Ascq,67,79,0,1594.118676467161,1545.0652048752954,1574.16,1559.32,charnay,villeneuve ascq,16,1594.118676467161,1545.0652048752954,49.05347159186567,-12,0,0,25,-9.4,-2.4,-7.0,0.6483032591076393
25-26,16,Lattes Montpellier,Chartres,77,69,0,1665.9225898806976,1329.124813610105,1670.33,1325.98,montpellier,chartres,16,1665.9225898806976,1329.124813610105,336.7977762705925,8,1,0,25,3.8,-12.6,16.4,0.944897926995125
25-26,16,Landerneau,Lyon,67,56,0,1499.9299967208326,1476.915114630317,1516.27,1465.24,landerneau,lyon,16,1499.9299967208326,1476.915114630317,23.014882090515584,11,1,0,25,-4.4,-2.6,-1.8000000000000003,0.6611708458282775
25-26,17,Villeneuve d'Ascq,Angers,61,64,0,1559.3184114560595,1409.4244381321591,1534.7,1427.01,villeneuve ascq,angers,17,1559.3184114560595,1409.4244381321591,149.89397332390035,-3,0,0,25,1.6,-12.0,13.6,0.8619585140626574
25-26,17,Basket Landes,Lattes Montpellier,68,56,0,1715.6664137580872,1670.3250202091813,1730.9,1659.45,basket landes,montpellier,17,1715.6664137580872,1670.3250202091813,45.3413935489059,12,1,0,25,10.8,3.6,7.200000000000001,0.7494369573425148
25-26,17,Lyon,Bourges,86,75,0,1465.2419325625776,1756.9853238972871,1494.74,1735.91,lyon,bourges,17,1465.2419325625776,1756.9853238972871,-291.7433913347095,11,1,0,25,-4.2,13.0,-17.2,0.1961389983186469
25-26,17,Charleville-Mézières,Toulouse,87,70,0,1630.9747834582436,1449.341613943193,1640.08,1442.84,charleville,toulouse,17,1630.9747834582436,1449.341613943193,181.63316951505067,17,1,0,25,11.6,-1.8,13.4,0.8786088055677505
25-26,17,Roche Vendée,Charnay,82,72,0,1452.0985527680466,1574.1641872540913,1475.51,1557.44,roche vendee,charnay,17,1452.0985527680466,1574.1641872540913,-122.0656344860447,10,1,0,25,4.6,-8.6,13.2,0.6204837926734621
25-26,17,Chartres,Landerneau,60,78,0,1325.9802205183312,1516.2724516156677,1317.21,1522.54,chartres,landerneau,17,1325.9802205183312,1516.2724516156677,-190.29223109733653,-18,0,0,25,-13.2,-5.4,-7.799999999999999,0.35810455506798816
25-26,18,Toulouse,Angers,52,51,0,1442.839670592307,1427.00587938095,1459.54,1415.08,toulouse,angers,18,1442.839670592307,1427.00587938095,15.833791211356811,1,1,0,25,-6.2,-10.0,3.8,0.6966772695876065
25-26,18,Basket Landes,Chartres,78,58,0,1730.8954883475303,1317.2091895772426,1733.86,1315.09,basket landes,chartres,18,1730.8954883475303,1317.2091895772426,413.68629877028775,20,1,0,25,11.2,-10.8,22.0,0.968162945284619
25-26,18,Landerneau,Bourges,66,78,0,1522.5374737164452,1735.9146642912845,1514.61,1741.58,landerneau,bourges,18,1522.5374737164452,1735.9146642912845,-213.37719057483923,-12,0,0,25,0.2,4.8,-4.6,0.3582438378924913
25-26,18,Charleville-Mézières,Lyon,92,59,0,1640.0775041494835,1494.7408560109814,1650.66,1487.18,charleville,lyon,18,1640.0775041494835,1494.7408560109814,145.33664813850214,33,1,0,25,16.6,-1.2,17.8,0.8763107714104278
25-26,18,Lattes Montpellier,Charnay,68,69,0,1659.4471097881503,1557.4447208910312,1636.95,1573.51,montpellier,charnay,18,1659.4471097881503,1557.4447208910312,102.00238889711909,-1,0,0,25,-0.4,-11.4,11.0,0.818501183760312
25-26,18,Villeneuve d'Ascq,Roche Vendée,79,66,0,1534.7043937077526,1475.5058056763305,1549.25,1465.12,villeneuve ascq,roche vendee,18,1534.7043937077526,1475.5058056763305,59.198588031422105,13,1,0,25,2.0,5.2,-3.2,0.6889940906895125
25-26,19,Angers,Landerneau,51,61,0,1415.07515175451,1514.6106918666103,1402.46,1523.62,angers,landerneau,19,1415.07515175451,1514.6106918666103,-99.5355401121003,-10,0,0,25,-9.2,1.0,-10.2,0.44374112668499366
25-26,19,Roche Vendée,Basket Landes,67,79,0,1465.1152716180095,1733.8566431201657,1458.97,1738.24,roche vendee,basket landes,19,1465.1152716180095,1733.8566431201657,-268.7413715021562,-12,0,0,25,0.8,17.0,-16.2,0.22044094243754658
25-26,19,Bourges,Lattes Montpellier,91,87,0,1741.576651326881,1636.9520418555169,1753.96,1628.11,bourges,montpellier,19,1741.576651326881,1636.9520418555169,104.62460947136401,4,1,0,25,5.4,1.4,4.0,0.780997024913867
25-26,19,Chartres,Charleville-Mézières,82,85,0,1315.0940790253603,1650.656116741114,1310.66,1653.82,chartres,charleville,19,1315.0940790253603,1650.656116741114,-335.5620377157536,-3,0,0,25,-13.0,20.0,-33.0,0.10129367044499464
25-26,19,Charnay,Toulouse,79,78,0,1573.5126265571982,1459.5426892693226,1585.47,1451.0,charnay,toulouse,19,1573.5126265571982,1459.5426892693226,113.96993728787561,1,1,0,25,-13.0,-4.2,-8.8,0.7035859445184051
25-26,19,Lyon,Villeneuve d'Ascq,64,67,0,1487.1847041598166,1549.2511413894022,1472.78,1559.54,lyon,villeneuve ascq,19,1487.1847041598166,1549.2511413894022,-62.06643722958552,-3,0,0,25,-8.8,2.6,-11.4,0.47857587376983296
25-26,20,Charnay,Angers,76,65,0,1585.469480593265,1402.455860105964,1594.52,1395.99,charnay,angers,20,1585.469480593265,1402.455860105964,183.01362048730107,11,1,0,25,-11.2,-9.4,-1.799999999999999,0.8097784016205439
25-26,20,Charleville-Mézières,Basket Landes,59,68,0,1653.820317296926,1738.2446438376655,1640.49,1747.77,charleville,basket landes,20,1653.820317296926,1738.2446438376655,-84.42432654073946,-9,0,0,25,23.4,17.8,5.599999999999998,0.600218957728607
25-26,20,Toulouse,Bourges,55,84,0,1451.0020792435607,1753.9605283993303,1445.79,1757.68,toulouse,bourges,20,1451.0020792435607,1753.9605283993303,-302.9584491557696,-29,0,0,25,-4.6,3.4,-8.0,0.24232711930151737
25-26,20,Villeneuve d'Ascq,Chartres,62,70,0,1559.5415764293696,1310.664198247223,1531.29,1330.85,villeneuve ascq,chartres,20,1559.5415764293696,1310.664198247223,248.87737818214646,-8,0,0,25,4.4,-15.4,19.8,0.9264551460481948
25-26,20,Lattes Montpellier,Landerneau,59,65,0,1628.1064153751954,1523.624471615572,1605.5,1539.77,montpellier,landerneau,20,1628.1064153751954,1523.624471615572,104.48194375962339,-6,0,0,25,0.2,1.8,-1.6,0.745123577460549
25-26,20,Lyon,Roche Vendée,90,63,0,1472.7780951038624,1458.9720706135097,1489.58,1446.97,lyon,roche vendee,20,1472.7780951038624,1458.9720706135097,13.806024490352684,27,1,0,25,-9.2,-1.2,-7.999999999999999,0.5997405134144996
25-26,21,Angers,Lattes Montpellier,60,76,0,1395.9920739523266,1605.496865001645,1387.93,1611.26,angers,montpellier,21,1395.9920739523266,1605.496865001645,-209.50479104931833,-16,0,0,25,-9.4,-3.0,-6.4,0.3480176789385847
25-26,21,Basket Landes,Villeneuve d'Ascq,89,61,0,1747.765637305046,1531.2855723528232,1755.58,1525.7,basket landes,villeneuve ascq,21,1747.765637305046,1531.2855723528232,216.48006495222285,28,1,0,25,17.4,3.4,13.999999999999998,0.8975624739943997
25-26,21,Bourges,Charnay,84,71,0,1757.6807658084706,1594.518781208357,1767.52,1587.49,bourges,charnay,21,1757.6807658084706,1594.518781208357,163.16198460011356,13,1,0,25,8.6,-1.8,10.4,0.8560897830613284
25-26,21,Roche Vendée,Charleville-Mézières,70,85,0,1446.968520997825,1640.4909264425935,1438.32,1646.67,roche vendee,charleville,21,1446.968520997825,1640.4909264425935,-193.52240544476854,-15,0,0,25,-10.2,14.4,-24.6,0.23265026083694246
25-26,21,Chartres,Lyon,80,66,0,1330.847058301899,1489.583064565821,1355.83,1471.74,chartres,lyon,21,1330.847058301899,1489.583064565821,-158.7360062639218,14,1,0,25,-8.2,-1.8,-6.3999999999999995,0.4060673149437606
25-26,21,Landerneau,Toulouse,72,63,0,1539.7741504538226,1445.7937468707646,1552.65,1436.59,landerneau,toulouse,21,1539.7741504538226,1445.7937468707646,93.98040358305798,9,1,0,25,6.6,-16.0,22.6,0.86730047515862
25-26,22,Angers,Bourges,42,86,0,1387.9277794801078,1767.5176808807596,1384.39,1770.05,angers,bourges,22,1387.9277794801078,1767.5176808807596,-379.5899014006518,-44,0,0,25,-7.0,9.4,-16.4,0.1405656912240307
25-26,22,Lyon,Basket Landes,63,67,0,1471.738851308639,1755.5834357023923,1466.02,1759.67,lyon,basket landes,22,1471.738851308639,1755.5834357023923,-283.8445843937534,-4,0,0,25,-2.4,16.2,-18.599999999999998,0.19441120504555454
25-26,22,Villeneuve d'Ascq,Charleville-Mézières,51,84,1,1525.701430640433,1646.6690533730432,1512.4,1659.97,villeneuve ascq,charleville,22,1525.701430640433,1646.6690533730432,-120.96762273261015,-33,0,1,25,-4.6,11.8,-16.4,0.24874988117581778
25-26,22,Charnay,Landerneau,67,69,0,1587.4924132995793,1552.6526182302491,1568.24,1566.4,charnay,landerneau,22,1587.4924132995793,1552.6526182302491,34.839795069330194,-2,0,0,25,-2.0,6.2,-8.2,0.6224263228271633
25-26,22,Roche Vendée,Chartres,83,92,0,1438.319143295195,1355.828956861954,1416.74,1371.24,roche vendee,chartres,22,1438.319143295195,1355.828956861954,82.49018643324098,-9,0,0,25,-11.4,-3.8,-7.6000000000000005,0.6799168397364206
25-26,22,Toulouse,Lattes Montpellier,66,82,0,1436.594841316174,1611.2570753389437,1427.22,1617.95,toulouse,montpellier,22,1436.594841316174,1611.2570753389437,-174.66223402276955,-16,0,0,25,-11.0,-1.4,-9.6,0.3609952036594382
